Title,Theme,Posting time
Persija Jakarta Pakai Tiga Pencari Bakat untuk Siapkan Musim Depan,BOLA,- 34 menit lalu
Mengenal Reksadana: Instrumen Investasi Pasar Modal yang Cocok untuk Pemula,MONEY,- 34 menit lalu
"Head to Head Arema FC Vs Persib Bandung, Ze Gomes Incar Kemenangan Pertama",BOLA,- 38 menit lalu
Akhir Cerita Ahsan/Hendra dan Api Semangat untuk Ganda Putra Indonesia,BOLA,- 41 menit lalu
Juventus Resmi Pinjam Randal Kolo Muani dari PSG,BOLA,- 43 menit lalu
1.200 Penumpang Kereta Api Batalkan Perjalanan Akibat Banjir Grobogan,MONEY,- 44 menit lalu
"Bima Arya: Banyak Daerah Ada Kegiatan Berantas Stunting, tapi 60 Persen Anggaran untuk Kunker",NEWS,- 50 menit lalu
"Wamensos: Penyaluran BLT Fokus pada Lansia hingga Disabilitas, Ada Makan Bergizi Gratis Juga",NEWS,- 59 menit lalu
"Tangkap Ikan Tanpa Surat Izin di Perairan Labuan Bajo, 23 Kapal Nelayan Diamankan",REGIONAL,- 60 menit lalu
"Penampakan Jersey Baru Timnas Indonesia, Usung Tema Indonesia Pusaka",KGNow!,- 1 jam lalu
"Anak Magang Ikut Terlibat Kasus Korupsi Truk Basarnas, Orangtuanya Dapat Proyek Sistem Audio",NEWS,- 1 jam lalu
"Klasemen Grup B Usai Borneo FC Vs Kaya FC 2-1, Pesut Etam Jaga Asa",BOLA,- 1 jam lalu
"Daftar Penerima Bansos Bakal Berubah Setelah Data Tunggal Selesai, Warga Masih Bisa Komplain",NEWS,- 1 jam lalu
BNI Hadirkan Program Pembiayaan untuk UMKM Ramah Lingkungan,MONEY,- 1 jam lalu
"Tuding Berniat Ulangi Serangan, Israel Tolak Kekuasaan Hamas di Gaza!",KGNow!,- 1 jam lalu
"Borneo FC Vs Kaya FC-Iloilo: Unggul 2-1, Pesut Etam Jaga Asa Lolos ke Semifinal AFF Club Championship",BOLA,- 1 jam lalu
"Banjir Landak Kalbar Belum Surut, Ibu Hamil Berhasil Dievakuasi dari Rumah",REGIONAL,- 1 jam lalu
"Randal Kolo Muani ke Juventus, Terpukau Rayuan Thiago Motta",BOLA,- 1 jam lalu
"Kebakaran San Diego Munculkan 4 Titik Api, Baru Padam 50 Persen",GLOBAL,- 1 jam lalu
"5 Penyebab Lansia Merasa Kesepian, Salah Satunya Menurunnya Kondisi Fisik",LIFESTYLE,- 1 jam lalu
"Asap Kebakaran Selimuti California, Langit Jadi ""Berubah Warna""",KGNow!,- 2 jam lalu
"Viral, Penjual Nasi Padang Lapor Pencurian HP, Malah Ditolak Polisi dan Dimintai Rp 100.000",REGIONAL,- 2 jam lalu
"Longsor Cipanas: Jalur Puncak Cianjur Lumpuh Sebentar, Kini Buka Tutup",REGIONAL,- 2 jam lalu
"Omar Marmoush Resmi ke Manchester City, Walker Dipinjamkan ke AC Milan",BOLA,- 2 jam lalu
Dokter: Konsumsi Gula Berlebih Tingkatkan Risiko Depresi,HEALTH,- 2 jam lalu
"Daftar Nominasi Oscar 2025, Akhirnya Diumumkan Setelah Diundur karena Kebakaran Los Angeles",HYPE,- 2 jam lalu
Apa Penyebab Kebakaran yang Kembali Melanda Los Angeles?,KGNow!,- 2 jam lalu
BPBD Manggarai Barat Imbau Warga Tebang Pohon Besar yang Berisiko Tumbang,REGIONAL,- 2 jam lalu
"Agung Sedayu Punya SHGB di Desa Kohod, Bukan di Laut Tangerang",KGNow!,- 2 jam lalu
Reaksi Beijing soal Ancaman Trump Akan Naikkan Tarif Impor China,KGNow!,- 2 jam lalu
"Real Madrid Puncaki Tangga Klub Terkaya, Bernabeu Baru Jadi Salah Satu Alasan",BOLA,- 2 jam lalu
"Agus Disabilitas Tetap Ditahan di Lapas, Ketidaknyamanan Dianggap Alasan Subyektif",REGIONAL,- 2 jam lalu
"The Daddies Gantung Raket, Tinggalkan Pesan Emosional",BOLA,- 2 jam lalu
"Thailand Legalkan Pernikahan Sesama Jenis, Ini Kata Perdana Menteri Paetongtarn Shinawatra",GLOBAL,- 2 jam lalu
"Dokter Bedah Plastik di Taiwan Dilaporkan Operasi Vasektomi ke Dirinya Sendiri, Kok Bisa?",TREN,- 2 jam lalu
"Tawarkan Diskon Rumah 25 Persen, Sinarmas Land Bidik Rp 2 Triliun",PROPERTI,- 2 jam lalu
Rusia Respons Dingin Ancaman Trump soal Akhiri Perang dengan Ukraina,KGNow!,- 2 jam lalu
Mobil Pramugari Oshima Yukari Diturunkan dari Lantai 7 Glodok Plaza,KGNow!,- 2 jam lalu
"ChatGPT Eror, 10.000 Orang di Seluruh Dunia Laporkan Kendala Akses",TREN,- 2 jam lalu
Kelegaan Orangtua di Bogor Setelah Siswa Tak Libur Penuh Selama Ramadhan,REGIONAL,- 2 jam lalu
